{
  "mAP": 0.5151262376150283,
  "ap_per_class": [
    [
      "aeroplane",
      0.5055259385915012
    ],
    [
      "bicycle",
      0.6119256394899719
    ],
    [
      "bird",
      0.6370874475445979
    ],
    [
      "boat",
      0.24858260151820627
    ],
    [
      "bottle",
      0.23992642928245203
    ],
    [
      "bus",
      0.6172395578362104
    ],
    [
      "car",
      0.5187250057374055
    ],
    [
      "cat",
      0.9088640779609303
    ],
    [
      "chair",
      0.2753158069048025
    ],
    [
      "cow",
      0.6511020856558233
    ],
    [
      "diningtable",
      0.25080766140532756
    ],
    [
      "dog",
      0.8269770740444223
    ],
    [
      "horse",
      0.6660709093681921
    ],
    [
      "motorbike",
      0.5985845861731508
    ],
    [
      "person",
      0.5329899163447214
    ],
    [
      "pottedplant",
      0.1685580123106631
    ],
    [
      "sheep",
      0.5784401808599484
    ],
    [
      "sofa",
      0.3624196550663321
    ],
    [
      "train",
      0.7054879182970544
    ],
    [
      "tvmonitor",
      0.39789424790885153
    ]
  ],
  "total_images": 4952,
  "total_detections": 13191,
  "total_ground_truths": 12032,
  "status_counts": {
    "success": 4927,
    "no_detection": 24,
    "parse_failure": 1
  },
  "avg_inference_time_sec": 4.37,
  "total_time_sec": 21653.9
}